,trial_name,epochs,learning_rate,dropout_val,l2_val,layer_size,training_loss,training_mae,training_mse,validation_loss,validation_mae,validation_mse,test_loss,test_mae,test_mse
0,Ep50_Lr05_Do2_L2001_Ls29,50,0.05,0.2,0.001,29,0.019345343112945557,0.09648934006690979,0.018922053277492523,0.01650949753820896,0.08861309289932251,0.016105281189084053,0.016498012468218803,0.088199183344841,0.016093799844384193
1,Ep50_Lr05_Do2_L2001_Ls58,50,0.05,0.2,0.001,58,0.01853148639202118,0.09350326657295227,0.018063770607113838,0.014453217387199402,0.08119171112775803,0.013982407748699188,0.014379474334418774,0.08080149441957474,0.013908665627241135
2,Ep50_Lr05_Do2_L2001_Ls87,50,0.05,0.2,0.001,87,0.01828972063958645,0.09146104753017426,0.017696429044008255,0.01536601036787033,0.0841236561536789,0.014769371598958969,0.015485630370676517,0.08424504101276398,0.01488899439573288
3,Ep50_Lr05_Do2_L20001_Ls29,50,0.05,0.2,0.0001,29,0.013259447179734707,0.07525871694087982,0.012753738090395927,0.008215157315135002,0.06127256900072098,0.0077133458107709885,0.008224090561270714,0.06119123473763466,0.007722275797277689
4,Ep50_Lr05_Do2_L20001_Ls58,50,0.05,0.2,0.0001,58,0.018825720995664597,0.09570665657520294,0.01857546903192997,0.01505111064761877,0.08252474665641785,0.01480147335678339,0.014955339021980762,0.08195295929908752,0.014705700799822807
5,Ep50_Lr05_Do2_L20001_Ls87,50,0.05,0.2,0.0001,87,0.012963634915649891,0.07417639344930649,0.012357402592897415,0.00819646380841732,0.05927655100822449,0.007589417975395918,0.008140827529132366,0.05915950983762741,0.007533777039498091
6,Ep50_Lr05_Do2_L21e-05_Ls29,50,0.05,0.2,1e-05,29,0.01333125401288271,0.07707547396421432,0.013125174678862095,0.008780984207987785,0.0634622648358345,0.008573261089622974,0.00877959281206131,0.06346520781517029,0.008571873418986797
7,Ep50_Lr05_Do2_L21e-05_Ls58,50,0.05,0.2,1e-05,58,0.01184496097266674,0.06930168718099594,0.011432943865656853,0.006997266318649054,0.055152878165245056,0.00658432999625802,0.006989087909460068,0.05487644299864769,0.006576151121407747
8,Ep50_Lr05_Do2_L21e-05_Ls87,50,0.05,0.2,1e-05,87,0.017567912116646767,0.09115051478147507,0.017486635595560074,0.013903401792049408,0.0813356265425682,0.013822070322930813,0.01383045595139265,0.08090754598379135,0.013749117963016033
9,Ep50_Lr05_Do3_L2001_Ls29,50,0.05,0.3,0.001,29,0.023928161710500717,0.11227692663669586,0.023928161710500717,0.023330507799983025,0.1094445288181305,0.023330507799983025,0.023271318525075912,0.10935202240943909,0.023271318525075912
10,Ep50_Lr05_Do3_L2001_Ls58,50,0.05,0.3,0.001,58,0.02391922101378441,0.11227194219827652,0.02391922101378441,0.023313386365771294,0.1099247857928276,0.023313386365771294,0.023244885727763176,0.10984348505735397,0.023244885727763176
11,Ep50_Lr05_Do3_L2001_Ls87,50,0.05,0.3,0.001,87,0.023932021111249924,0.1123749315738678,0.023932021111249924,0.023324547335505486,0.10924634337425232,0.023324547335505486,0.023251475766301155,0.1091582179069519,0.023251475766301155
12,Ep50_Lr05_Do3_L20001_Ls29,50,0.05,0.3,0.0001,29,0.019946176558732986,0.09777878224849701,0.01963151805102825,0.015963982790708542,0.08192025870084763,0.01564607582986355,0.01595727726817131,0.08205354958772659,0.015639370307326317
13,Ep50_Lr05_Do3_L20001_Ls58,50,0.05,0.3,0.0001,58,0.023916563019156456,0.11215082556009293,0.023916563019156456,0.02343384176492691,0.11185475438833237,0.02343384176492691,0.023386452347040176,0.11180020123720169,0.023386452347040176
14,Ep50_Lr05_Do3_L20001_Ls87,50,0.05,0.3,0.0001,87,0.01904219575226307,0.09464001655578613,0.01859765313565731,0.01381679531186819,0.0800449475646019,0.013386138714849949,0.013863669708371162,0.07975153625011444,0.013433011248707771
15,Ep50_Lr05_Do3_L21e-05_Ls29,50,0.05,0.3,1e-05,29,0.017142266035079956,0.08892309665679932,0.01693671941757202,0.01248400378972292,0.07721959054470062,0.012274875305593014,0.01251807902008295,0.07728782296180725,0.012308954261243343
16,Ep50_Lr05_Do3_L21e-05_Ls58,50,0.05,0.3,1e-05,58,0.015758119523525238,0.08514562249183655,0.015471188351511955,0.010475028306245804,0.06682562828063965,0.010190838016569614,0.01047225296497345,0.06695784628391266,0.010188063606619835
17,Ep50_Lr05_Do3_L21e-05_Ls87,50,0.05,0.3,1e-05,87,0.02394493855535984,0.11217398941516876,0.02394493855535984,0.023346563801169395,0.11075420677661896,0.023346563801169395,0.023290235549211502,0.11067291349172592,0.023290235549211502
18,Ep50_Lr05_Do4_L2001_Ls29,50,0.05,0.4,0.001,29,0.023934120312333107,0.11227166652679443,0.023934120312333107,0.02331751398742199,0.11033764481544495,0.02331751398742199,0.023248668760061264,0.11025995016098022,0.023248668760061264
19,Ep50_Lr05_Do4_L2001_Ls58,50,0.05,0.4,0.001,58,0.023940004408359528,0.11208867281675339,0.023940004408359528,0.02336830459535122,0.11111344397068024,0.02336830459535122,0.023314708843827248,0.11103740334510803,0.023314708843827248
20,Ep50_Lr05_Do4_L2001_Ls87,50,0.05,0.4,0.001,87,0.023910855874419212,0.11208146065473557,0.023910855874419212,0.02335917390882969,0.11153216660022736,0.02335917390882969,0.02330106683075428,0.1114577203989029,0.02330106683075428
21,Ep50_Lr05_Do4_L20001_Ls29,50,0.05,0.4,0.0001,29,0.022460684180259705,0.10662761330604553,0.02233787439763546,0.02042977139353752,0.09970273822546005,0.020310791209340096,0.02041657269001007,0.09980078786611557,0.02029758132994175
22,Ep50_Lr05_Do4_L20001_Ls58,50,0.05,0.4,0.0001,58,0.020601263269782066,0.09980297833681107,0.02017698995769024,0.01717044785618782,0.08731519430875778,0.016745615750551224,0.017083482816815376,0.08691923320293427,0.01665865257382393
23,Ep50_Lr05_Do4_L20001_Ls87,50,0.05,0.4,0.0001,87,0.020767325535416603,0.10069070011377335,0.02033388428390026,0.01636284403502941,0.08437227457761765,0.015932505950331688,0.016356024891138077,0.08400953561067581,0.015925683081150055
24,Ep50_Lr05_Do4_L21e-05_Ls29,50,0.05,0.4,1e-05,29,0.023917486891150475,0.11237896978855133,0.023917486891150475,0.023377949371933937,0.11089260876178741,0.023377949371933937,0.023326478898525238,0.11081741750240326,0.023326478898525238
25,Ep50_Lr05_Do4_L21e-05_Ls58,50,0.05,0.4,1e-05,58,0.020006300881505013,0.09887007623910904,0.019856903702020645,0.019691424444317818,0.10719648003578186,0.01954539120197296,0.019724860787391663,0.10752946883440018,0.019578829407691956
26,Ep50_Lr05_Do4_L21e-05_Ls87,50,0.05,0.4,1e-05,87,0.020330825820565224,0.10091927647590637,0.02018854208290577,0.016729436814785004,0.0921257957816124,0.016589324921369553,0.016687389463186264,0.09176298975944519,0.01654728129506111
27,Ep50_Lr05_Do5_L2001_Ls29,50,0.05,0.5,0.001,29,0.023918701335787773,0.11216942965984344,0.023918701335787773,0.023331861943006516,0.10893242806196213,0.023331861943006516,0.023270366713404655,0.10883869975805283,0.023270366713404655
28,Ep50_Lr05_Do5_L2001_Ls58,50,0.05,0.5,0.001,58,0.023913929238915443,0.11210833489894867,0.023913929238915443,0.023358406499028206,0.10868625342845917,0.023358406499028206,0.023300955072045326,0.10857927799224854,0.023300955072045326
29,Ep50_Lr05_Do5_L2001_Ls87,50,0.05,0.5,0.001,87,0.02393251657485962,0.11237426847219467,0.02393251657485962,0.023362180218100548,0.111041359603405,0.023362180218100548,0.0233078021556139,0.1109631285071373,0.0233078021556139
30,Ep50_Lr05_Do5_L20001_Ls29,50,0.05,0.5,0.0001,29,0.023914584890007973,0.11229556798934937,0.023914584890007973,0.023368336260318756,0.10818826407194138,0.023368336260318756,0.023291340097784996,0.1080775186419487,0.023291340097784996
31,Ep50_Lr05_Do5_L20001_Ls58,50,0.05,0.5,0.0001,58,0.02391621470451355,0.11229591071605682,0.02391621470451355,0.0233419518917799,0.11097828298807144,0.0233419518917799,0.023283468559384346,0.11089902371168137,0.023283468559384346
32,Ep50_Lr05_Do5_L20001_Ls87,50,0.05,0.5,0.0001,87,0.022771673277020454,0.10863783210515976,0.022626597434282303,0.021534446626901627,0.0996474027633667,0.02139701321721077,0.021462155506014824,0.09949637204408646,0.021324729546904564
33,Ep50_Lr05_Do5_L21e-05_Ls29,50,0.05,0.5,1e-05,29,0.02393462136387825,0.11216593533754349,0.02393462136387825,0.02336915209889412,0.1106237843632698,0.02336915209889412,0.023316964507102966,0.11054318398237228,0.023316964507102966
34,Ep50_Lr05_Do5_L21e-05_Ls58,50,0.05,0.5,1e-05,58,0.023932598531246185,0.11220088601112366,0.023932598531246185,0.023348720744252205,0.11144694685935974,0.023348720744252205,0.02328794077038765,0.11137240380048752,0.02328794077038765
35,Ep50_Lr05_Do5_L21e-05_Ls87,50,0.05,0.5,1e-05,87,0.023910583928227425,0.11222993582487106,0.023910583928227425,0.02333337813615799,0.1087716817855835,0.02333337813615799,0.02326028421521187,0.10867854207754135,0.02326028421521187
36,Ep50_Lr01_Do2_L2001_Ls29,50,0.01,0.2,0.001,29,0.013175304979085922,0.07119565457105637,0.011654463596642017,0.009257343597710133,0.056080546230077744,0.007758137304335833,0.009348416700959206,0.05625146999955177,0.007849208079278469
37,Ep50_Lr01_Do2_L2001_Ls58,50,0.01,0.2,0.001,58,0.012930133379995823,0.07008209079504013,0.01137783657759428,0.008294513449072838,0.05347864702343941,0.006768657825887203,0.008487184531986713,0.0541483610868454,0.006961326580494642
38,Ep50_Lr01_Do2_L2001_Ls87,50,0.01,0.2,0.001,87,0.012497586198151112,0.06901020556688309,0.011036031879484653,0.007532637566328049,0.05177965387701988,0.0060329558327794075,0.007549187634140253,0.051789864897727966,0.0060495068319141865
39,Ep50_Lr01_Do2_L20001_Ls29,50,0.01,0.2,0.0001,29,0.010461084544658661,0.062323663383722305,0.00945222470909357,0.005545306485146284,0.04442795366048813,0.0045397053472697735,0.005430328194051981,0.04416368901729584,0.004424723796546459
40,Ep50_Lr01_Do2_L20001_Ls58,50,0.01,0.2,0.0001,58,0.010114887729287148,0.06104998663067818,0.008978040888905525,0.006191255059093237,0.04730077087879181,0.0050651272758841515,0.006225039251148701,0.04746455326676369,0.00509891239926219
41,Ep50_Lr01_Do2_L20001_Ls87,50,0.01,0.2,0.0001,87,0.010167893953621387,0.06083507463335991,0.009060973301529884,0.0060476278886199,0.04868607968091965,0.00496317446231842,0.006082842126488686,0.04893547669053078,0.004998389165848494
42,Ep50_Lr01_Do2_L21e-05_Ls29,50,0.01,0.2,1e-05,29,0.008730115368962288,0.058244623243808746,0.008240139111876488,0.0065248277969658375,0.04907240718603134,0.006042253226041794,0.006605153903365135,0.04912068322300911,0.00612257793545723
43,Ep50_Lr01_Do2_L21e-05_Ls58,50,0.01,0.2,1e-05,58,0.0087412865832448,0.05717824772000313,0.008140739984810352,0.005585944280028343,0.04814395308494568,0.004983946681022644,0.005613710731267929,0.048030052334070206,0.005011714529246092
44,Ep50_Lr01_Do2_L21e-05_Ls87,50,0.01,0.2,1e-05,87,0.00873752124607563,0.05649780109524727,0.008069010451436043,0.0070062484592199326,0.053717367351055145,0.006342354230582714,0.007049746345728636,0.053333740681409836,0.006385852582752705
45,Ep50_Lr01_Do3_L2001_Ls29,50,0.01,0.3,0.001,29,0.016297543421387672,0.08259116113185883,0.014899756759405136,0.012200749479234219,0.06921566277742386,0.010716747492551804,0.012286377139389515,0.06957561522722244,0.010802374221384525
46,Ep50_Lr01_Do3_L2001_Ls58,50,0.01,0.3,0.001,58,0.016134323552250862,0.08181997388601303,0.014645817689597607,0.011446087621152401,0.06380978226661682,0.009930304251611233,0.011476121842861176,0.0638682097196579,0.009960336610674858
47,Ep50_Lr01_Do3_L2001_Ls87,50,0.01,0.3,0.001,87,0.015801258385181427,0.07991229742765427,0.014217913150787354,0.011604473926126957,0.06406918913125992,0.010100355371832848,0.011597716249525547,0.06417547911405563,0.010093601420521736
48,Ep50_Lr01_Do3_L20001_Ls29,50,0.01,0.3,0.0001,29,0.013598312623798847,0.07443173229694366,0.012653286568820477,0.009642989374697208,0.05901297554373741,0.008708377368748188,0.009680772200226784,0.0591735914349556,0.008746159262955189
49,Ep50_Lr01_Do3_L20001_Ls58,50,0.01,0.3,0.0001,58,0.013246335089206696,0.07223682105541229,0.01210328284651041,0.011307929642498493,0.0621604286134243,0.01017381064593792,0.011479020118713379,0.062490109354257584,0.010344893671572208
50,Ep50_Lr01_Do3_L20001_Ls87,50,0.01,0.3,0.0001,87,0.012881981208920479,0.07064826041460037,0.011716583743691444,0.008438761346042156,0.05339188873767853,0.007276623509824276,0.008400852791965008,0.053109049797058105,0.007238713558763266
51,Ep50_Lr01_Do3_L21e-05_Ls29,50,0.01,0.3,1e-05,29,0.012114694342017174,0.07020063698291779,0.011594566516578197,0.011580276302993298,0.06355150043964386,0.011068596504628658,0.01156861986964941,0.06335976719856262,0.011056938208639622
52,Ep50_Lr01_Do3_L21e-05_Ls58,50,0.01,0.3,1e-05,58,0.011806480586528778,0.06831968575716019,0.011190827935934067,0.009627033025026321,0.06296880543231964,0.00901586189866066,0.009650486521422863,0.06263253092765808,0.009039313532412052
53,Ep50_Lr01_Do3_L21e-05_Ls87,50,0.01,0.3,1e-05,87,0.011308169923722744,0.06687010824680328,0.010647797025740147,0.008029508404433727,0.058491673320531845,0.007366162724792957,0.008020192384719849,0.058125149458646774,0.007356848102062941
54,Ep50_Lr01_Do4_L2001_Ls29,50,0.01,0.4,0.001,29,0.019250785931944847,0.09481348842382431,0.0181500893086195,0.01496933400630951,0.07974320650100708,0.013858392834663391,0.015000072307884693,0.07983808219432831,0.013889130204916
55,Ep50_Lr01_Do4_L2001_Ls58,50,0.01,0.4,0.001,58,0.018747959285974503,0.09144549816846848,0.017346743494272232,0.012658188119530678,0.06909286230802536,0.011140366084873676,0.012635376304388046,0.06918490678071976,0.011117556132376194
56,Ep50_Lr01_Do4_L2001_Ls87,50,0.01,0.4,0.001,87,0.01853042095899582,0.08899679780006409,0.016977587714791298,0.013627639040350914,0.0714554414153099,0.012078952975571156,0.013623322360217571,0.07113096863031387,0.012074633501470089
57,Ep50_Lr01_Do4_L20001_Ls29,50,0.01,0.4,0.0001,29,0.016234561800956726,0.08413983136415482,0.015436941757798195,0.012101978063583374,0.06866347789764404,0.01128891110420227,0.01214070525020361,0.06874704360961914,0.011327632702887058
58,Ep50_Lr01_Do4_L20001_Ls58,50,0.01,0.4,0.0001,58,0.015931595116853714,0.0821230486035347,0.014935140497982502,0.011625606566667557,0.06995397061109543,0.010623144917190075,0.011785797774791718,0.07031507045030594,0.010783344507217407
59,Ep50_Lr01_Do4_L20001_Ls87,50,0.01,0.4,0.0001,87,0.01569344289600849,0.0812222957611084,0.014565963298082352,0.011768408119678497,0.06704918295145035,0.010657187551259995,0.011834396049380302,0.06718572974205017,0.010723182931542397
60,Ep50_Lr01_Do4_L21e-05_Ls29,50,0.01,0.4,1e-05,29,0.014863383024930954,0.08082331717014313,0.014427675865590572,0.011630074121057987,0.06556013226509094,0.01120042148977518,0.01165191549807787,0.06565085798501968,0.011222265660762787
61,Ep50_Lr01_Do4_L21e-05_Ls58,50,0.01,0.4,1e-05,58,0.01410746481269598,0.07741519063711166,0.013496617786586285,0.013172820210456848,0.06993705779314041,0.012569410726428032,0.013223817571997643,0.07011045515537262,0.012620416469871998
62,Ep50_Lr01_Do4_L21e-05_Ls87,50,0.01,0.4,1e-05,87,0.01393907517194748,0.07645023614168167,0.013223497197031975,0.012310028076171875,0.0745861604809761,0.011588889174163342,0.012345987372100353,0.07433996349573135,0.011624844744801521
63,Ep50_Lr01_Do5_L2001_Ls29,50,0.01,0.5,0.001,29,0.02142506279051304,0.10158652067184448,0.02051534503698349,0.017699504271149635,0.08967261016368866,0.016751915216445923,0.01766664907336235,0.08940292149782181,0.016719069331884384
64,Ep50_Lr01_Do5_L2001_Ls58,50,0.01,0.5,0.001,58,0.020966554060578346,0.09883728623390198,0.01972389407455921,0.01669834740459919,0.0857253223657608,0.015478324145078659,0.01663232408463955,0.08521083742380142,0.015412300825119019
65,Ep50_Lr01_Do5_L2001_Ls87,50,0.01,0.5,0.001,87,0.021268315613269806,0.09999671578407288,0.020187508314847946,0.017916632816195488,0.0873202234506607,0.016823168843984604,0.01789725385606289,0.08704464882612228,0.016803784295916557
66,Ep50_Lr01_Do5_L20001_Ls29,50,0.01,0.5,0.0001,29,0.01902446709573269,0.09402882307767868,0.018301358446478844,0.015696795657277107,0.08094125986099243,0.014965498819947243,0.015764858573675156,0.08105221390724182,0.015033560805022717
67,Ep50_Lr01_Do5_L20001_Ls58,50,0.01,0.5,0.0001,58,0.017972854897379875,0.08951820433139801,0.01699826866388321,0.017289135605096817,0.08317337930202484,0.0163162462413311,0.017401257529854774,0.08338716626167297,0.016428370028734207
68,Ep50_Lr01_Do5_L20001_Ls87,50,0.01,0.5,0.0001,87,0.018465617671608925,0.0902860164642334,0.01739325188100338,0.016596447676420212,0.08366000652313232,0.015549574978649616,0.016744811087846756,0.08398418873548508,0.015697939321398735
69,Ep50_Lr01_Do5_L21e-05_Ls29,50,0.01,0.5,1e-05,29,0.017383763566613197,0.08883892744779587,0.01696634478867054,0.015125994570553303,0.08406250923871994,0.014711691997945309,0.015216738916933537,0.08413032442331314,0.014802433550357819
70,Ep50_Lr01_Do5_L21e-05_Ls58,50,0.01,0.5,1e-05,58,0.016839757561683655,0.08721723407506943,0.016305118799209595,0.014567414298653603,0.07631341367959976,0.014031969010829926,0.014596514403820038,0.07633189111948013,0.014061064459383488
71,Ep50_Lr01_Do5_L21e-05_Ls87,50,0.01,0.5,1e-05,87,0.016779305413365364,0.08618263900279999,0.016141558066010475,0.014734734781086445,0.07954429090023041,0.014097603969275951,0.014700580388307571,0.07947224378585815,0.0140634560957551
72,Ep50_Lr005_Do2_L2001_Ls29,50,0.005,0.2,0.001,29,0.01201678067445755,0.06657899171113968,0.010327798314392567,0.008413637988269329,0.05015316233038902,0.006759440992027521,0.00852139387279749,0.05016186088323593,0.006867197807878256
73,Ep50_Lr005_Do2_L2001_Ls58,50,0.005,0.2,0.001,58,0.012091884389519691,0.0659598857164383,0.010339322499930859,0.006749230902642012,0.04867328330874443,0.005012391600757837,0.006722903810441494,0.048724640160799026,0.00498606264591217
74,Ep50_Lr005_Do2_L2001_Ls87,50,0.005,0.2,0.001,87,0.012063892558217049,0.06636525690555573,0.010287134908139706,0.007182737346738577,0.04804006218910217,0.0053676278330385685,0.007165260147303343,0.04801385849714279,0.005350152030587196
75,Ep50_Lr005_Do2_L20001_Ls29,50,0.005,0.2,0.0001,29,0.009843237698078156,0.060451727360486984,0.008861525915563107,0.006978295743465424,0.048796966671943665,0.005985034629702568,0.007036158349364996,0.04873901978135109,0.006042896304279566
76,Ep50_Lr005_Do2_L20001_Ls58,50,0.005,0.2,0.0001,58,0.009671533480286598,0.058874666690826416,0.008592558093369007,0.006602682173252106,0.04473543167114258,0.0055291252210736275,0.006627087481319904,0.04466091841459274,0.005553532391786575
77,Ep50_Lr005_Do2_L20001_Ls87,50,0.005,0.2,0.0001,87,0.009785465896129608,0.05811377242207527,0.008624473586678505,0.006809790153056383,0.04633572697639465,0.005671958439052105,0.006780760828405619,0.0458851233124733,0.00564293097704649
78,Ep50_Lr005_Do2_L21e-05_Ls29,50,0.005,0.2,1e-05,29,0.00856754556298256,0.05668915808200836,0.00806551892310381,0.005899121984839439,0.04769739508628845,0.005397433880716562,0.0058101871982216835,0.047169506549835205,0.005308498162776232
79,Ep50_Lr005_Do2_L21e-05_Ls58,50,0.005,0.2,1e-05,58,0.008401209488511086,0.05500153452157974,0.007800904102623463,0.005780686624348164,0.0450272336602211,0.005180865526199341,0.00586320785805583,0.04481304809451103,0.00526338629424572
80,Ep50_Lr005_Do2_L21e-05_Ls87,50,0.005,0.2,1e-05,87,0.008016100153326988,0.05352785810828209,0.0073263635858893394,0.005131619516760111,0.04494728147983551,0.004441870376467705,0.0050603668205440044,0.04423005133867264,0.004370618611574173
81,Ep50_Lr005_Do3_L2001_Ls29,50,0.005,0.3,0.001,29,0.015447578392922878,0.07873556017875671,0.013841724023222923,0.009327387437224388,0.05639459192752838,0.00772017240524292,0.009335735812783241,0.05661933124065399,0.0077285161241889
82,Ep50_Lr005_Do3_L2001_Ls58,50,0.005,0.3,0.001,58,0.015042928978800774,0.0765778124332428,0.013244753703474998,0.00995571818202734,0.05656004324555397,0.008145934902131557,0.009950695559382439,0.05632610246539116,0.008140908554196358
83,Ep50_Lr005_Do3_L2001_Ls87,50,0.005,0.3,0.001,87,0.015293487347662449,0.07777827978134155,0.013622238300740719,0.011018864810466766,0.06247393414378166,0.009353350847959518,0.01118051540106535,0.06251408904790878,0.009515000507235527
84,Ep50_Lr005_Do3_L20001_Ls29,50,0.005,0.3,0.0001,29,0.012893728911876678,0.07189296185970306,0.011929867789149284,0.00972985289990902,0.0588076114654541,0.008763067424297333,0.009851480834186077,0.05908549949526787,0.008884698152542114
85,Ep50_Lr005_Do3_L20001_Ls58,50,0.005,0.3,0.0001,58,0.012622159905731678,0.06908061355352402,0.01142034213989973,0.007792881224304438,0.05613819882273674,0.006586009636521339,0.007912593893706799,0.05622028931975365,0.006705721840262413
86,Ep50_Lr005_Do3_L20001_Ls87,50,0.005,0.3,0.0001,87,0.01277987752109766,0.06959753483533859,0.011515544727444649,0.008887838572263718,0.062189627438783646,0.007645623758435249,0.009009381756186485,0.06245983764529228,0.007767165079712868
87,Ep50_Lr005_Do3_L21e-05_Ls29,50,0.005,0.3,1e-05,29,0.011297878809273243,0.06794580072164536,0.010839699767529964,0.00969774927943945,0.059035856276750565,0.009240330196917057,0.009721905924379826,0.05909526348114014,0.009264479391276836
88,Ep50_Lr005_Do3_L21e-05_Ls58,50,0.005,0.3,1e-05,58,0.01095364335924387,0.06468598544597626,0.010319825261831284,0.00787611398845911,0.055015940219163895,0.0072419955395162106,0.007886288687586784,0.054788704961538315,0.007252171169966459
89,Ep50_Lr005_Do3_L21e-05_Ls87,50,0.005,0.3,1e-05,87,0.010967007838189602,0.06511501967906952,0.010253019630908966,0.00783525500446558,0.055417466908693314,0.007121044676750898,0.007933614775538445,0.055421628057956696,0.007219407707452774
90,Ep50_Lr005_Do4_L2001_Ls29,50,0.005,0.4,0.001,29,0.01822449266910553,0.08827763795852661,0.016672801226377487,0.01417799387127161,0.0734032392501831,0.012661398388445377,0.014231273904442787,0.07344496250152588,0.012714684940874577
91,Ep50_Lr005_Do4_L2001_Ls58,50,0.005,0.4,0.001,58,0.017665155231952667,0.0858759880065918,0.015844909474253654,0.012409351766109467,0.06664930284023285,0.010590615682303905,0.01245847251266241,0.06655485183000565,0.010639737360179424
92,Ep50_Lr005_Do4_L2001_Ls87,50,0.005,0.4,0.001,87,0.018043270334601402,0.08703438937664032,0.016382940113544464,0.012425768189132214,0.06911919265985489,0.010797984898090363,0.012444431893527508,0.06913793832063675,0.010816649533808231
93,Ep50_Lr005_Do4_L20001_Ls29,50,0.005,0.4,0.0001,29,0.016048304736614227,0.08296454697847366,0.01519457995891571,0.012394795194268227,0.07450038194656372,0.011552299372851849,0.012419484555721283,0.07471733540296555,0.011576985940337181
94,Ep50_Lr005_Do4_L20001_Ls58,50,0.005,0.4,0.0001,58,0.015337338671088219,0.07860371470451355,0.014056908898055553,0.011794432066380978,0.07179158926010132,0.010542788542807102,0.012028299272060394,0.07251065969467163,0.010776652954518795
95,Ep50_Lr005_Do4_L20001_Ls87,50,0.005,0.4,0.0001,87,0.014913324266672134,0.07776883244514465,0.01368370745331049,0.01412070170044899,0.06772972643375397,0.01288252416998148,0.014131384901702404,0.06771926581859589,0.012893209233880043
96,Ep50_Lr005_Do4_L21e-05_Ls29,50,0.005,0.4,1e-05,29,0.013972826302051544,0.07741858810186386,0.013533971272408962,0.01286143995821476,0.07250939309597015,0.01242285966873169,0.012984140776097775,0.07291176170110703,0.012545564211905003
97,Ep50_Lr005_Do4_L21e-05_Ls58,50,0.005,0.4,1e-05,58,0.013871503993868828,0.07612235844135284,0.013251430355012417,0.012006192468106747,0.07118289917707443,0.011390271596610546,0.012161560356616974,0.07117851078510284,0.011545642279088497
98,Ep50_Lr005_Do4_L21e-05_Ls87,50,0.005,0.4,1e-05,87,0.013505136594176292,0.0746239423751831,0.012803425081074238,0.01062726229429245,0.06352230906486511,0.009919943287968636,0.010868079960346222,0.0639079362154007,0.010160760954022408
99,Ep50_Lr005_Do5_L2001_Ls29,50,0.005,0.5,0.001,29,0.021439461037516594,0.10114181786775589,0.02040521427989006,0.018517199903726578,0.09484943747520447,0.017512457445263863,0.018394537270069122,0.09432323276996613,0.017389783635735512
100,Ep50_Lr005_Do5_L2001_Ls58,50,0.005,0.5,0.001,58,0.020011380314826965,0.09411807358264923,0.018487848341464996,0.016286900267004967,0.07914330810308456,0.014792302623391151,0.016253063455224037,0.07913519442081451,0.014758463948965073
101,Ep50_Lr005_Do5_L2001_Ls87,50,0.005,0.5,0.001,87,0.019916292279958725,0.09432964771986008,0.01829313114285469,0.016321811825037003,0.08063766360282898,0.014764548279345036,0.016399815678596497,0.08070863038301468,0.014842557720839977
102,Ep50_Lr005_Do5_L20001_Ls29,50,0.005,0.5,0.0001,29,0.018335731700062752,0.09208488464355469,0.017533643171191216,0.015516708604991436,0.08170278370380402,0.014702028594911098,0.015690993517637253,0.08198674023151398,0.014876311644911766
103,Ep50_Lr005_Do5_L20001_Ls58,50,0.005,0.5,0.0001,58,0.01736709475517273,0.08657994121313095,0.01620233990252018,0.015579147264361382,0.07840734720230103,0.014412172138690948,0.015725027769804,0.07873136550188065,0.014558055438101292
104,Ep50_Lr005_Do5_L20001_Ls87,50,0.005,0.5,0.0001,87,0.017295291647315025,0.08594754338264465,0.015997521579265594,0.015878349542617798,0.07976322621107101,0.014602670446038246,0.015875602141022682,0.07984492182731628,0.014599918387830257
105,Ep50_Lr005_Do5_L21e-05_Ls29,50,0.005,0.5,1e-05,29,0.017210587859153748,0.08894237875938416,0.016861911863088608,0.015548937022686005,0.08130649477243423,0.015203084796667099,0.015586377121508121,0.08124128729104996,0.015240523964166641
106,Ep50_Lr005_Do5_L21e-05_Ls58,50,0.005,0.5,1e-05,58,0.01612723432481289,0.08456902205944061,0.015586182475090027,0.014723912812769413,0.07692895084619522,0.014187347143888474,0.014698202721774578,0.0769028291106224,0.01416163519024849
107,Ep50_Lr005_Do5_L21e-05_Ls87,50,0.005,0.5,1e-05,87,0.016296301037073135,0.08451983332633972,0.015614176169037819,0.014711810275912285,0.07939188927412033,0.014032449573278427,0.014748952351510525,0.07948773354291916,0.014069591648876667
108,Ep100_Lr05_Do2_L2001_Ls29,100,0.05,0.2,0.001,29,0.019383875653147697,0.09672128409147263,0.018976882100105286,0.014977950602769852,0.08539996296167374,0.014537197537720203,0.014913457445800304,0.08480503410100937,0.014472708106040955
109,Ep100_Lr05_Do2_L2001_Ls58,100,0.05,0.2,0.001,58,0.023923588916659355,0.11224517971277237,0.023923588916659355,0.02333889529109001,0.10867544263601303,0.02333889529109001,0.02326485514640808,0.1085805669426918,0.02326485514640808
110,Ep100_Lr05_Do2_L2001_Ls87,100,0.05,0.2,0.001,87,0.01607714220881462,0.08302954584360123,0.015185131691396236,0.012833449989557266,0.07120577245950699,0.011943022720515728,0.012952075339853764,0.07155729085206985,0.012061652727425098
111,Ep100_Lr05_Do2_L20001_Ls29,100,0.05,0.2,0.0001,29,0.0190812349319458,0.0959109291434288,0.018913405016064644,0.01607552357017994,0.08519686013460159,0.015910238027572632,0.015967639163136482,0.08460688591003418,0.015802348032593727
112,Ep100_Lr05_Do2_L20001_Ls58,100,0.05,0.2,0.0001,58,0.01463985163718462,0.08091725409030914,0.014248012565076351,0.012416998855769634,0.07476353645324707,0.012029838748276234,0.012365052476525307,0.07460395246744156,0.011977888643741608
113,Ep100_Lr05_Do2_L20001_Ls87,100,0.05,0.2,0.0001,87,0.01426155399531126,0.07951749116182327,0.01377286110073328,0.008984334766864777,0.06397505849599838,0.00850838515907526,0.009016533382236958,0.06402274966239929,0.00854057539254427
114,Ep100_Lr05_Do2_L21e-05_Ls29,100,0.05,0.2,1e-05,29,0.013197869062423706,0.07493598014116287,0.012920967303216457,0.008619201369583607,0.05935240536928177,0.00834422092884779,0.008584365248680115,0.05903439596295357,0.008309383876621723
115,Ep100_Lr05_Do2_L21e-05_Ls58,100,0.05,0.2,1e-05,58,0.013711919076740742,0.07736516743898392,0.013533303514122963,0.008395012468099594,0.06075327470898628,0.008216212503612041,0.008390468545258045,0.0607658289372921,0.008211670443415642
116,Ep100_Lr05_Do2_L21e-05_Ls87,100,0.05,0.2,1e-05,87,0.014508359134197235,0.0792737603187561,0.014305182732641697,0.011429860256612301,0.06476852297782898,0.011229697614908218,0.011475490406155586,0.06470564752817154,0.011275331489741802
117,Ep100_Lr05_Do3_L2001_Ls29,100,0.05,0.3,0.001,29,0.02390909194946289,0.1121828556060791,0.02390909194946289,0.023359673097729683,0.11112293601036072,0.023359673097729683,0.02330446057021618,0.11104505509138107,0.02330446057021618
118,Ep100_Lr05_Do3_L2001_Ls58,100,0.05,0.3,0.001,58,0.023908201605081558,0.11224763095378876,0.023908201605081558,0.02341810055077076,0.10713152587413788,0.02341810055077076,0.023347778245806694,0.10700201243162155,0.023347778245806694
119,Ep100_Lr05_Do3_L2001_Ls87,100,0.05,0.3,0.001,87,0.021454952657222748,0.10348129272460938,0.02111506275832653,0.018830478191375732,0.09488396346569061,0.018493354320526123,0.018728679046034813,0.0945490300655365,0.018391553312540054
120,Ep100_Lr05_Do3_L20001_Ls29,100,0.05,0.3,0.0001,29,0.01902817375957966,0.09488226473331451,0.018738042563199997,0.015865720808506012,0.08240151405334473,0.015575332567095757,0.015954431146383286,0.08238814026117325,0.015664048492908478
121,Ep100_Lr05_Do3_L20001_Ls58,100,0.05,0.3,0.0001,58,0.02391318790614605,0.11222674697637558,0.02391318790614605,0.023340366780757904,0.11078670620918274,0.023340366780757904,0.02328249253332615,0.11070577055215836,0.02328249253332615
122,Ep100_Lr05_Do3_L20001_Ls87,100,0.05,0.3,0.0001,87,0.023932773619890213,0.1121797040104866,0.023932773619890213,0.023357229307293892,0.11178093403577805,0.023357229307293892,0.02329365722835064,0.11170926690101624,0.02329365722835064
123,Ep100_Lr05_Do3_L21e-05_Ls29,100,0.05,0.3,1e-05,29,0.015329282730817795,0.08351349830627441,0.015041866339743137,0.010519763454794884,0.06859737634658813,0.010228035971522331,0.010478095151484013,0.0684683695435524,0.010186363011598587
124,Ep100_Lr05_Do3_L21e-05_Ls58,100,0.05,0.3,1e-05,58,0.018086861819028854,0.09295918047428131,0.017917580902576447,0.014550035819411278,0.07786297053098679,0.014379463158547878,0.014550533145666122,0.07788088917732239,0.014379960484802723
125,Ep100_Lr05_Do3_L21e-05_Ls87,100,0.05,0.3,1e-05,87,0.016272757202386856,0.08560443669557571,0.016015397384762764,0.010970313102006912,0.07098976522684097,0.010716961696743965,0.011036250740289688,0.07089762389659882,0.010782900266349316
126,Ep100_Lr05_Do4_L2001_Ls29,100,0.05,0.4,0.001,29,0.023923885077238083,0.11233285814523697,0.023923885077238083,0.023334214463829994,0.1086282730102539,0.023334214463829994,0.02327028103172779,0.10853277891874313,0.02327028103172779
127,Ep100_Lr05_Do4_L2001_Ls58,100,0.05,0.4,0.001,58,0.023918088525533676,0.11226898431777954,0.023918088525533676,0.02332659624516964,0.10914730280637741,0.02332659624516964,0.02325327694416046,0.10905811935663223,0.02325327694416046
128,Ep100_Lr05_Do4_L2001_Ls87,100,0.05,0.4,0.001,87,0.023929748684167862,0.11217205226421356,0.023929748684167862,0.023346390575170517,0.11145544797182083,0.023346390575170517,0.023277699947357178,0.11138514429330826,0.023277699947357178
129,Ep100_Lr05_Do4_L20001_Ls29,100,0.05,0.4,0.0001,29,0.023923909291625023,0.11228898912668228,0.023923909291625023,0.023333659395575523,0.10949595272541046,0.023333659395575523,0.023275310173630714,0.10940288752317429,0.023275310173630714
130,Ep100_Lr05_Do4_L20001_Ls58,100,0.05,0.4,0.0001,58,0.023939166218042374,0.11230775713920593,0.023939166218042374,0.02333730272948742,0.10975345969200134,0.02333730272948742,0.023280208930373192,0.10966329276561737,0.023280208930373192
131,Ep100_Lr05_Do4_L20001_Ls87,100,0.05,0.4,0.0001,87,0.02185325138270855,0.10558025538921356,0.021661702543497086,0.018925338983535767,0.09670651704072952,0.018741993233561516,0.018870709463953972,0.09639229625463486,0.018687359988689423
132,Ep100_Lr05_Do4_L21e-05_Ls29,100,0.05,0.4,1e-05,29,0.02392664924263954,0.11233776807785034,0.02392664924263954,0.02331625297665596,0.10932321846485138,0.02331625297665596,0.02324679307639599,0.1092364490032196,0.02324679307639599
133,Ep100_Lr05_Do4_L21e-05_Ls58,100,0.05,0.4,1e-05,58,0.022269809618592262,0.1063232421875,0.022211626172065735,0.020014535635709763,0.09615210443735123,0.019958121702075005,0.020003920421004295,0.09627696871757507,0.019947519525885582
134,Ep100_Lr05_Do4_L21e-05_Ls87,100,0.05,0.4,1e-05,87,0.023932011798024178,0.11244681477546692,0.023932011798024178,0.023363454267382622,0.1088501363992691,0.023363454267382622,0.023307736963033676,0.10874267667531967,0.023307736963033676
135,Ep100_Lr05_Do5_L2001_Ls29,100,0.05,0.5,0.001,29,0.02391231805086136,0.11225625872612,0.02391231805086136,0.02333434298634529,0.10879112780094147,0.02333434298634529,0.023272398859262466,0.1086963638663292,0.023272398859262466
136,Ep100_Lr05_Do5_L2001_Ls58,100,0.05,0.5,0.001,58,0.023930637165904045,0.11238976567983627,0.023930637165904045,0.023446789011359215,0.10706666111946106,0.023446789011359215,0.02336876466870308,0.10691986978054047,0.02336876466870308
137,Ep100_Lr05_Do5_L2001_Ls87,100,0.05,0.5,0.001,87,0.023913534358143806,0.11214450746774673,0.023913534358143806,0.0233217291533947,0.10929171741008759,0.0233217291533947,0.023249493911862373,0.10920435935258865,0.023249493911862373
138,Ep100_Lr05_Do5_L20001_Ls29,100,0.05,0.5,0.0001,29,0.02392580173909664,0.11240281909704208,0.02392580173909664,0.02335413359105587,0.10824567079544067,0.02335413359105587,0.023291654884815216,0.10813995450735092,0.023291654884815216
139,Ep100_Lr05_Do5_L20001_Ls58,100,0.05,0.5,0.0001,58,0.023921910673379898,0.1122698113322258,0.023921910673379898,0.023324692621827126,0.11079725623130798,0.023324692621827126,0.023257559165358543,0.11072175949811935,0.023257559165358543
140,Ep100_Lr05_Do5_L20001_Ls87,100,0.05,0.5,0.0001,87,0.023233460262417793,0.10861780494451523,0.02307473123073578,0.021289367228746414,0.1029687449336052,0.021131200715899467,0.021231209859251976,0.10279153287410736,0.021073050796985626
141,Ep100_Lr05_Do5_L21e-05_Ls29,100,0.05,0.5,1e-05,29,0.023921117186546326,0.11233311146497726,0.023921117186546326,0.02332962304353714,0.10974428802728653,0.02332962304353714,0.0232708640396595,0.10965404659509659,0.0232708640396595
142,Ep100_Lr05_Do5_L21e-05_Ls58,100,0.05,0.5,1e-05,58,0.023924466222524643,0.1122124120593071,0.023924466222524643,0.02345479466021061,0.11338112503290176,0.02345479466021061,0.023397166281938553,0.11332456022500992,0.023397166281938553
143,Ep100_Lr05_Do5_L21e-05_Ls87,100,0.05,0.5,1e-05,87,0.023939620703458786,0.1122988685965538,0.023939620703458786,0.023344306275248528,0.10826196521520615,0.023344306275248528,0.023274574428796768,0.10816259682178497,0.023274574428796768
144,Ep100_Lr01_Do2_L2001_Ls29,100,0.01,0.2,0.001,29,0.012977377511560917,0.07007657736539841,0.011388666927814484,0.009279781952500343,0.05488916113972664,0.007741237059235573,0.009368903934955597,0.05497083067893982,0.007830359973013401
145,Ep100_Lr01_Do2_L2001_Ls58,100,0.01,0.2,0.001,58,0.012545019388198853,0.06971918791532516,0.011036040261387825,0.00866719800978899,0.05482770875096321,0.007152956910431385,0.008564488030970097,0.05479060113430023,0.00705024553462863
146,Ep100_Lr01_Do2_L2001_Ls87,100,0.01,0.2,0.001,87,0.012831969186663628,0.07047339528799057,0.01131741888821125,0.008121991530060768,0.051766812801361084,0.006613004021346569,0.008260228671133518,0.052209947258234024,0.006751243490725756
147,Ep100_Lr01_Do2_L20001_Ls29,100,0.01,0.2,0.0001,29,0.010823535732924938,0.06432537734508514,0.009960466995835304,0.005672017578035593,0.04770216345787048,0.004809789825230837,0.00567786255851388,0.047553520649671555,0.004815634340047836
148,Ep100_Lr01_Do2_L20001_Ls58,100,0.01,0.2,0.0001,58,0.010149814188480377,0.061781853437423706,0.009193548001348972,0.00694198627024889,0.05117030069231987,0.005992580205202103,0.0069983238354325294,0.05149977654218674,0.006048919167369604
149,Ep100_Lr01_Do2_L20001_Ls87,100,0.01,0.2,0.0001,87,0.010313687846064568,0.06138317286968231,0.009236132726073265,0.006433564238250256,0.04508977383375168,0.005325871519744396,0.006455434951931238,0.04506564885377884,0.005347744561731815
150,Ep100_Lr01_Do2_L21e-05_Ls29,100,0.01,0.2,1e-05,29,0.008943100459873676,0.058423783630132675,0.008461309596896172,0.006060207262635231,0.04614721238613129,0.005578764248639345,0.005975163076072931,0.045631591230630875,0.005493717268109322
151,Ep100_Lr01_Do2_L21e-05_Ls58,100,0.01,0.2,1e-05,58,0.008648806251585484,0.05665845796465874,0.008046002127230167,0.005588315427303314,0.04430626705288887,0.004983530845493078,0.005544256418943405,0.044137466698884964,0.00493947509676218
152,Ep100_Lr01_Do2_L21e-05_Ls87,100,0.01,0.2,1e-05,87,0.008505495265126228,0.05578795447945595,0.007898997515439987,0.00587164331227541,0.04644998162984848,0.005266596097499132,0.005846173036843538,0.04612556844949722,0.005241127219051123
153,Ep100_Lr01_Do3_L2001_Ls29,100,0.01,0.3,0.001,29,0.016855867579579353,0.08385033160448074,0.01544372271746397,0.011327904649078846,0.06551814824342728,0.00987717043608427,0.01127468328922987,0.0653354823589325,0.009823947213590145
154,Ep100_Lr01_Do3_L2001_Ls58,100,0.01,0.3,0.001,58,0.016392111778259277,0.08240675926208496,0.014970807358622551,0.011954277753829956,0.06720077246427536,0.010530825704336166,0.012136979028582573,0.06747892498970032,0.010713526047766209
155,Ep100_Lr01_Do3_L2001_Ls87,100,0.01,0.3,0.001,87,0.01604597456753254,0.08135046809911728,0.014497588388621807,0.0122273750603199,0.0671221911907196,0.01075184065848589,0.012237554416060448,0.06715481728315353,0.010762016288936138
156,Ep100_Lr01_Do3_L20001_Ls29,100,0.01,0.3,0.0001,29,0.013553001917898655,0.07462474703788757,0.012678873725235462,0.008746414445340633,0.05954544246196747,0.007879379205405712,0.008819326758384705,0.05955911800265312,0.007952287793159485
157,Ep100_Lr01_Do3_L20001_Ls58,100,0.01,0.3,0.0001,58,0.013106618076562881,0.0717940479516983,0.01202403288334608,0.011446171440184116,0.06383365392684937,0.010363050736486912,0.011640269309282303,0.06461810320615768,0.010557149536907673
158,Ep100_Lr01_Do3_L20001_Ls87,100,0.01,0.3,0.0001,87,0.012822505086660385,0.07094982266426086,0.011787354946136475,0.010709729976952076,0.06331650167703629,0.009667674079537392,0.010667103342711926,0.06341741979122162,0.009625048376619816
159,Ep100_Lr01_Do3_L21e-05_Ls29,100,0.01,0.3,1e-05,29,0.011888319626450539,0.06953442841768265,0.011411004699766636,0.009469304233789444,0.05932551622390747,0.008994012139737606,0.009559436701238155,0.059181343764066696,0.009084145538508892
160,Ep100_Lr01_Do3_L21e-05_Ls58,100,0.01,0.3,1e-05,58,0.01126285083591938,0.06696569919586182,0.010678404942154884,0.010268004611134529,0.06623704731464386,0.00968743022531271,0.01033325120806694,0.06602197140455246,0.009752676822245121
161,Ep100_Lr01_Do3_L21e-05_Ls87,100,0.01,0.3,1e-05,87,0.01142475102096796,0.0674746185541153,0.010796371847391129,0.009219188243150711,0.06470011919736862,0.00859175156801939,0.009343813173472881,0.06508982926607132,0.008716375567018986
162,Ep100_Lr01_Do4_L2001_Ls29,100,0.01,0.4,0.001,29,0.019165705889463425,0.093500055372715,0.01805989444255829,0.0129411481320858,0.07460381835699081,0.011811934411525726,0.01295547280460596,0.07430916279554367,0.011826258152723312
163,Ep100_Lr01_Do4_L2001_Ls58,100,0.01,0.4,0.001,58,0.019087964668869972,0.09216131269931793,0.017757780849933624,0.014368820935487747,0.07369088381528854,0.013045663014054298,0.014284133911132812,0.07326892018318176,0.012960980646312237
164,Ep100_Lr01_Do4_L2001_Ls87,100,0.01,0.4,0.001,87,0.019164081662893295,0.09234623610973358,0.017878510057926178,0.015697943046689034,0.08691602200269699,0.014526617713272572,0.01563919708132744,0.08691075444221497,0.014467877335846424
165,Ep100_Lr01_Do4_L20001_Ls29,100,0.01,0.4,0.0001,29,0.015949539840221405,0.08200375735759735,0.014984973706305027,0.012122652493417263,0.06688293069601059,0.011181313544511795,0.012179641053080559,0.06682716310024261,0.01123830582946539
166,Ep100_Lr01_Do4_L20001_Ls58,100,0.01,0.4,0.0001,58,0.015882372856140137,0.08224848657846451,0.014888787642121315,0.012069455347955227,0.0690290778875351,0.01108674518764019,0.012122348882257938,0.0690263956785202,0.011139641515910625
167,Ep100_Lr01_Do4_L20001_Ls87,100,0.01,0.4,0.0001,87,0.015620779246091843,0.08101147413253784,0.014625195413827896,0.01241791620850563,0.0695306733250618,0.011417743749916553,0.012581571005284786,0.06979400664567947,0.011581397615373135
168,Ep100_Lr01_Do4_L21e-05_Ls29,100,0.01,0.4,1e-05,29,0.01461826916784048,0.08000995218753815,0.014194690622389317,0.011145005002617836,0.0666457936167717,0.010729449801146984,0.011189622804522514,0.06653216481208801,0.010774064809083939
169,Ep100_Lr01_Do4_L21e-05_Ls58,100,0.01,0.4,1e-05,58,0.01422099582850933,0.07828379422426224,0.013664763420820236,0.011172064580023289,0.06960325688123703,0.010609893128275871,0.011113668791949749,0.06958501785993576,0.010551497340202332
170,Ep100_Lr01_Do4_L21e-05_Ls87,100,0.01,0.4,1e-05,87,0.013909936882555485,0.0769786536693573,0.013339840807020664,0.012822432443499565,0.07289304584264755,0.012250441126525402,0.012792202644050121,0.07283705472946167,0.012220212258398533
171,Ep100_Lr01_Do5_L2001_Ls29,100,0.01,0.5,0.001,29,0.022094687446951866,0.10399966686964035,0.021426400169730186,0.020240912213921547,0.09376539289951324,0.019593458622694016,0.02008058875799179,0.09335874766111374,0.019433127716183662
172,Ep100_Lr01_Do5_L2001_Ls58,100,0.01,0.5,0.001,58,0.021489104256033897,0.1007586345076561,0.020495614036917686,0.01761331595480442,0.08989053219556808,0.01666252873837948,0.017602434381842613,0.08958093076944351,0.01665164716541767
173,Ep100_Lr01_Do5_L2001_Ls87,100,0.01,0.5,0.001,87,0.021400943398475647,0.10043644160032272,0.020408006384968758,0.0169232077896595,0.08650556951761246,0.01595054194331169,0.01693403348326683,0.08642425388097763,0.015961363911628723
174,Ep100_Lr01_Do5_L20001_Ls29,100,0.01,0.5,0.0001,29,0.018961500376462936,0.09419278055429459,0.01826210506260395,0.015097113326191902,0.0848984569311142,0.014388741925358772,0.015225879848003387,0.0852736085653305,0.014517516829073429
175,Ep100_Lr01_Do5_L20001_Ls58,100,0.01,0.5,0.0001,58,0.01844477653503418,0.09089616686105728,0.01749476045370102,0.013451306149363518,0.07570237666368484,0.012483595870435238,0.013599910773336887,0.07613572478294373,0.012632195837795734
176,Ep100_Lr01_Do5_L20001_Ls87,100,0.01,0.5,0.0001,87,0.018368618562817574,0.09103590250015259,0.01748598925769329,0.014115951023995876,0.0781777873635292,0.013235827907919884,0.014083076268434525,0.07801234722137451,0.013202953152358532
177,Ep100_Lr01_Do5_L21e-05_Ls29,100,0.01,0.5,1e-05,29,0.01778027042746544,0.09076962620019913,0.017407584935426712,0.014178651385009289,0.08154266327619553,0.013803178444504738,0.014243202283978462,0.08171474188566208,0.013867734000086784
178,Ep100_Lr01_Do5_L21e-05_Ls58,100,0.01,0.5,1e-05,58,0.016805311664938927,0.08695067465305328,0.016339508816599846,0.014854754321277142,0.08127228915691376,0.014390580356121063,0.014902153052389622,0.08138930052518845,0.014437980018556118
179,Ep100_Lr01_Do5_L21e-05_Ls87,100,0.01,0.5,1e-05,87,0.016788430511951447,0.08672326058149338,0.01629694364964962,0.015208909288048744,0.07766971737146378,0.014721943996846676,0.01528735738247633,0.07783979177474976,0.014800393022596836
180,Ep100_Lr005_Do2_L2001_Ls29,100,0.005,0.2,0.001,29,0.012311724945902824,0.06749819964170456,0.01072739064693451,0.007965904660522938,0.05387105420231819,0.00643143430352211,0.008036552928388119,0.054478950798511505,0.006502083502709866
181,Ep100_Lr005_Do2_L2001_Ls58,100,0.005,0.2,0.001,58,0.012019389308989048,0.06614959985017776,0.01037164032459259,0.008067570626735687,0.0528406985104084,0.00644990848377347,0.008127624168992043,0.05309530347585678,0.006509962026029825
182,Ep100_Lr005_Do2_L2001_Ls87,100,0.005,0.2,0.001,87,0.01232132688164711,0.06732133030891418,0.010666021145880222,0.007349003572016954,0.0512574203312397,0.005710461176931858,0.007199826650321484,0.05092278867959976,0.005561284255236387
183,Ep100_Lr005_Do2_L20001_Ls29,100,0.005,0.2,0.0001,29,0.009789093397557735,0.060519490391016006,0.008836537599563599,0.00759472232311964,0.051536500453948975,0.006633669137954712,0.007644833531230688,0.05157456547021866,0.006683779414743185
184,Ep100_Lr005_Do2_L20001_Ls58,100,0.005,0.2,0.0001,58,0.009938708506524563,0.059562914073467255,0.008892263285815716,0.006162390112876892,0.047437041997909546,0.005097702611237764,0.006223777309060097,0.04747435450553894,0.005159090273082256
185,Ep100_Lr005_Do2_L20001_Ls87,100,0.005,0.2,0.0001,87,0.00958927720785141,0.05846264585852623,0.008481848984956741,0.005859407130628824,0.045360736548900604,0.004764763172715902,0.005917656235396862,0.045696061104536057,0.004823010880500078
186,Ep100_Lr005_Do2_L21e-05_Ls29,100,0.005,0.2,1e-05,29,0.00870253425091505,0.05729559063911438,0.008189271204173565,0.006724571343511343,0.048968322575092316,0.006213182117789984,0.006732405163347721,0.048908885568380356,0.006221020128577948
187,Ep100_Lr005_Do2_L21e-05_Ls58,100,0.005,0.2,1e-05,58,0.008260516449809074,0.05482064560055733,0.007617643103003502,0.005862170830368996,0.043291669338941574,0.005224358290433884,0.005916271358728409,0.042943324893713,0.005278457421809435
188,Ep100_Lr005_Do2_L21e-05_Ls87,100,0.005,0.2,1e-05,87,0.008252390660345554,0.054110921919345856,0.007586393505334854,0.005132436286658049,0.043120693415403366,0.004468525759875774,0.005198164377361536,0.04308736324310303,0.004534253850579262
189,Ep100_Lr005_Do3_L2001_Ls29,100,0.005,0.3,0.001,29,0.015518133528530598,0.07991638779640198,0.01401184219866991,0.010535069741308689,0.0611693374812603,0.009084000252187252,0.010481740348041058,0.06120583787560463,0.009030668064951897
190,Ep100_Lr005_Do3_L2001_Ls58,100,0.005,0.3,0.001,58,0.015096393413841724,0.07774632424116135,0.013439968228340149,0.010744128376245499,0.06339758634567261,0.00916382484138012,0.010793686844408512,0.06345541030168533,0.009213377721607685
191,Ep100_Lr005_Do3_L2001_Ls87,100,0.005,0.3,0.001,87,0.015233611688017845,0.07749016582965851,0.013561771251261234,0.010545319877564907,0.06146813929080963,0.008866195566952229,0.01048349216580391,0.06140405684709549,0.008804368786513805
192,Ep100_Lr005_Do3_L20001_Ls29,100,0.005,0.3,0.0001,29,0.012712094001471996,0.07084464281797409,0.011703011579811573,0.009779641404747963,0.06257878243923187,0.008774172514677048,0.009827910922467709,0.06277447193861008,0.008822446689009666
193,Ep100_Lr005_Do3_L20001_Ls58,100,0.005,0.3,0.0001,58,0.012515987269580364,0.06978791952133179,0.011365212500095367,0.009447264485061169,0.06085467338562012,0.008335437625646591,0.009611446410417557,0.061169419437646866,0.008499621413648129
194,Ep100_Lr005_Do3_L20001_Ls87,100,0.005,0.3,0.0001,87,0.012499338015913963,0.0694112703204155,0.011339135468006134,0.009444787167012691,0.058299459517002106,0.008277778513729572,0.009575973264873028,0.05873638018965721,0.008408968336880207
195,Ep100_Lr005_Do3_L21e-05_Ls29,100,0.005,0.3,1e-05,29,0.011611782014369965,0.06865505129098892,0.011151944287121296,0.008234735578298569,0.05774899572134018,0.007771780714392662,0.008353868499398232,0.057848650962114334,0.007890918292105198
196,Ep100_Lr005_Do3_L21e-05_Ls58,100,0.005,0.3,1e-05,58,0.010972418822348118,0.06512396037578583,0.010339247062802315,0.008500357158482075,0.057827576994895935,0.007870173081755638,0.008533610962331295,0.05764234438538551,0.007903425954282284
197,Ep100_Lr005_Do3_L21e-05_Ls87,100,0.005,0.3,1e-05,87,0.010971459560096264,0.06510209292173386,0.0102690439671278,0.008226215839385986,0.05508020520210266,0.007525057531893253,0.008317426778376102,0.054962433874607086,0.007616270799189806
198,Ep100_Lr005_Do4_L2001_Ls29,100,0.005,0.4,0.001,29,0.018338002264499664,0.09003255516290665,0.017010845243930817,0.014077214524149895,0.07996605336666107,0.01278170756995678,0.014068628661334515,0.08002916723489761,0.012773120775818825
199,Ep100_Lr005_Do4_L2001_Ls58,100,0.005,0.4,0.001,58,0.01765207201242447,0.0874304547905922,0.0162188820540905,0.012735536321997643,0.06991490721702576,0.011302218772470951,0.012840435840189457,0.07001999765634537,0.011407113634049892
200,Ep100_Lr005_Do4_L2001_Ls87,100,0.005,0.4,0.001,87,0.0180517490953207,0.08719053864479065,0.01647343672811985,0.014659171923995018,0.07415109872817993,0.013190694153308868,0.014665831811726093,0.07407429814338684,0.013197358697652817
201,Ep100_Lr005_Do4_L20001_Ls29,100,0.005,0.4,0.0001,29,0.01547322515398264,0.08082883059978485,0.014568119309842587,0.012222603894770145,0.07063168287277222,0.011304854415357113,0.01238774973899126,0.07093792408704758,0.011470004916191101
202,Ep100_Lr005_Do4_L20001_Ls58,100,0.005,0.4,0.0001,58,0.01545421127229929,0.07927941530942917,0.01430235430598259,0.011244203895330429,0.06792796403169632,0.010081611573696136,0.011316612362861633,0.06818480789661407,0.01015402376651764
203,Ep100_Lr005_Do4_L20001_Ls87,100,0.005,0.4,0.0001,87,0.015007516369223595,0.07848696410655975,0.01384295616298914,0.01114054024219513,0.06626696139574051,0.009970482438802719,0.011226288974285126,0.06637144833803177,0.01005623210221529
204,Ep100_Lr005_Do4_L21e-05_Ls29,100,0.005,0.4,1e-05,29,0.014079064130783081,0.07743281871080399,0.013648505322635174,0.012325317598879337,0.06801599264144897,0.011891193687915802,0.01227213442325592,0.06804116070270538,0.011838015168905258
205,Ep100_Lr005_Do4_L21e-05_Ls58,100,0.005,0.4,1e-05,58,0.01333155483007431,0.07479536533355713,0.012737907469272614,0.011995713226497173,0.07038652896881104,0.011405497789382935,0.012066655792295933,0.07032302767038345,0.011476443149149418
206,Ep100_Lr005_Do4_L21e-05_Ls87,100,0.005,0.4,1e-05,87,0.013539343141019344,0.07522159814834595,0.012864631600677967,0.0117910485714674,0.07089434564113617,0.011115663684904575,0.011776702478528023,0.07078805565834045,0.011101322248578072
207,Ep100_Lr005_Do5_L2001_Ls29,100,0.005,0.5,0.001,29,0.020543687045574188,0.0969763696193695,0.01914745196700096,0.018096711486577988,0.08574295043945312,0.016702858731150627,0.018203875049948692,0.08580080419778824,0.016810011118650436
208,Ep100_Lr005_Do5_L2001_Ls58,100,0.005,0.5,0.001,58,0.020128125324845314,0.09526390582323074,0.018679894506931305,0.016775891184806824,0.0846410021185875,0.015346873551607132,0.016756132245063782,0.08451162278652191,0.01532711461186409
209,Ep100_Lr005_Do5_L2001_Ls87,100,0.005,0.5,0.001,87,0.020305607467889786,0.09519471228122711,0.01889663189649582,0.016080418601632118,0.08782044053077698,0.014724629931151867,0.01614256389439106,0.08818251639604568,0.014786774292588234
210,Ep100_Lr005_Do5_L20001_Ls29,100,0.005,0.5,0.0001,29,0.018210694193840027,0.09063360095024109,0.017352355644106865,0.016541726887226105,0.08084004372358322,0.015703873708844185,0.01662556827068329,0.08102340251207352,0.015787716954946518
211,Ep100_Lr005_Do5_L20001_Ls58,100,0.005,0.5,0.0001,58,0.01778941974043846,0.0879044458270073,0.016679400578141212,0.01681097410619259,0.07950852811336517,0.015722176060080528,0.01680818386375904,0.07955367118120193,0.01571938768029213
212,Ep100_Lr005_Do5_L20001_Ls87,100,0.005,0.5,0.0001,87,0.017560791224241257,0.08708851039409637,0.016347873955965042,0.014915063977241516,0.07922767102718353,0.013697533868253231,0.014957732520997524,0.07949600368738174,0.013740197755396366
213,Ep100_Lr005_Do5_L21e-05_Ls29,100,0.005,0.5,1e-05,29,0.01630106195807457,0.08633749186992645,0.01590735837817192,0.014831134118139744,0.07687389850616455,0.014438935555517673,0.014882436022162437,0.07700332254171371,0.014490236528217793
214,Ep100_Lr005_Do5_L21e-05_Ls58,100,0.005,0.5,1e-05,58,0.016069509088993073,0.0836925208568573,0.01550804078578949,0.015003536827862263,0.07698771357536316,0.014443122781813145,0.015036886557936668,0.07720953226089478,0.014476468786597252
215,Ep100_Lr005_Do5_L21e-05_Ls87,100,0.005,0.5,1e-05,87,0.016123931854963303,0.08408384770154953,0.015488684177398682,0.015516858547925949,0.0774834007024765,0.014881257899105549,0.015562049113214016,0.07741398364305496,0.014926441013813019
216,Ep250_Lr05_Do2_L2001_Ls29,250,0.05,0.2,0.001,29,0.01895996741950512,0.09464359283447266,0.0185193233191967,0.016520855948328972,0.08550536632537842,0.016067620366811752,0.016379406675696373,0.08506249636411667,0.015926167368888855
217,Ep250_Lr05_Do2_L2001_Ls58,250,0.05,0.2,0.001,58,0.023936176672577858,0.11224476993083954,0.023936176672577858,0.02333536371588707,0.11060763150453568,0.02333536371588707,0.02327699400484562,0.11052530258893967,0.02327699400484562
218,Ep250_Lr05_Do2_L2001_Ls87,250,0.05,0.2,0.001,87,0.023931661620736122,0.11229193955659866,0.023931661620736122,0.023347578942775726,0.1105736494064331,0.023347578942775726,0.023291975259780884,0.11049091815948486,0.023291975259780884
219,Ep250_Lr05_Do2_L20001_Ls29,250,0.05,0.2,0.0001,29,0.020871907472610474,0.1001136377453804,0.020745692774653435,0.016483960673213005,0.0834088921546936,0.016355574131011963,0.01646077260375023,0.08332334458827972,0.016332387924194336
220,Ep250_Lr05_Do2_L20001_Ls58,250,0.05,0.2,0.0001,58,0.014547215774655342,0.07921458780765533,0.014014589600265026,0.00992552936077118,0.06537304073572159,0.009395825676620007,0.00987524539232254,0.06512665748596191,0.009345538914203644
221,Ep250_Lr05_Do2_L20001_Ls87,250,0.05,0.2,0.0001,87,0.023912515491247177,0.11227577924728394,0.023912515491247177,0.02332240156829357,0.10919603705406189,0.02332240156829357,0.023250367492437363,0.10910791903734207,0.023250367492437363
222,Ep250_Lr05_Do2_L21e-05_Ls29,250,0.05,0.2,1e-05,29,0.01290785800665617,0.074493907392025,0.0126897431910038,0.007657999638468027,0.06019415333867073,0.0074394466355443,0.007761240005493164,0.06053262576460838,0.007542687933892012
223,Ep250_Lr05_Do2_L21e-05_Ls58,250,0.05,0.2,1e-05,58,0.014405446127057076,0.07990724593400955,0.014174440875649452,0.00945709552615881,0.06275680661201477,0.00922475941479206,0.009481732733547688,0.06261098384857178,0.009249393828213215
224,Ep250_Lr05_Do2_L21e-05_Ls87,250,0.05,0.2,1e-05,87,0.013021338731050491,0.07460051774978638,0.012744094245135784,0.00793604925274849,0.05810364708304405,0.0076577430590987206,0.007993788458406925,0.05821637436747551,0.007715483661741018
225,Ep250_Lr05_Do3_L2001_Ls29,250,0.05,0.3,0.001,29,0.02391110174357891,0.1122426688671112,0.02391110174357891,0.023318275809288025,0.10951988399028778,0.023318275809288025,0.023246722295880318,0.109434574842453,0.023246722295880318
226,Ep250_Lr05_Do3_L2001_Ls58,250,0.05,0.3,0.001,58,0.023936934769153595,0.11225350201129913,0.023936934769153595,0.023321492597460747,0.10897517949342728,0.023321492597460747,0.023252256214618683,0.10888521373271942,0.023252256214618683
227,Ep250_Lr05_Do3_L2001_Ls87,250,0.05,0.3,0.001,87,0.023912101984024048,0.11216964572668076,0.023912101984024048,0.023315323516726494,0.10957880318164825,0.023315323516726494,0.02324516698718071,0.10949399322271347,0.02324516698718071
228,Ep250_Lr05_Do3_L20001_Ls29,250,0.05,0.3,0.0001,29,0.020679280161857605,0.09939303249120712,0.02046988718211651,0.016296738758683205,0.0858561173081398,0.016092190518975258,0.01623271033167839,0.08554801344871521,0.016028160229325294
229,Ep250_Lr05_Do3_L20001_Ls58,250,0.05,0.3,0.0001,58,0.021062305197119713,0.10301350802183151,0.02092345803976059,0.01880333572626114,0.09281851351261139,0.018665390089154243,0.018680745735764503,0.09242820739746094,0.018542803823947906
230,Ep250_Lr05_Do3_L20001_Ls87,250,0.05,0.3,0.0001,87,0.02391345612704754,0.1120857372879982,0.02391345612704754,0.023388942703604698,0.11228477954864502,0.023388942703604698,0.02333037368953228,0.11221785098314285,0.02333037368953228
231,Ep250_Lr05_Do3_L21e-05_Ls29,250,0.05,0.3,1e-05,29,0.018115149810910225,0.0920044556260109,0.017950963228940964,0.013377956114709377,0.07932033389806747,0.013211221434175968,0.01333711203187704,0.07894100248813629,0.013170368038117886
232,Ep250_Lr05_Do3_L21e-05_Ls58,250,0.05,0.3,1e-05,58,0.017779173329472542,0.09095443785190582,0.01754787191748619,0.014680122025310993,0.08171623200178146,0.014448394998908043,0.01463670190423727,0.08142022788524628,0.014404972083866596
233,Ep250_Lr05_Do3_L21e-05_Ls87,250,0.05,0.3,1e-05,87,0.01868431083858013,0.09530913084745407,0.01854708604514599,0.014481893740594387,0.08307044953107834,0.01434092503041029,0.014498649165034294,0.08288344740867615,0.014357681386172771
234,Ep250_Lr05_Do4_L2001_Ls29,250,0.05,0.4,0.001,29,0.02390771172940731,0.11219389736652374,0.02390771172940731,0.023348964750766754,0.10845622420310974,0.023348964750766754,0.023274017497897148,0.10835667699575424,0.023274017497897148
235,Ep250_Lr05_Do4_L2001_Ls58,250,0.05,0.4,0.001,58,0.023911135271191597,0.1122656911611557,0.023911135271191597,0.02334311604499817,0.11140472441911697,0.02334311604499817,0.02327553927898407,0.11133284121751785,0.02327553927898407
236,Ep250_Lr05_Do4_L2001_Ls87,250,0.05,0.4,0.001,87,0.023914247751235962,0.11205822229385376,0.023914247751235962,0.02361629158258438,0.11491469293832779,0.02361629158258438,0.02356880158185959,0.11488907039165497,0.02356880158185959
237,Ep250_Lr05_Do4_L20001_Ls29,250,0.05,0.4,0.0001,29,0.02393258549273014,0.11218036711215973,0.02393258549273014,0.023446187376976013,0.11317317932844162,0.023446187376976013,0.023390086367726326,0.11311989277601242,0.023390086367726326
238,Ep250_Lr05_Do4_L20001_Ls58,250,0.05,0.4,0.0001,58,0.023928456008434296,0.11236803978681564,0.023928456008434296,0.023315809667110443,0.10930489003658295,0.023315809667110443,0.023247025907039642,0.10921801626682281,0.023247025907039642
239,Ep250_Lr05_Do4_L20001_Ls87,250,0.05,0.4,0.0001,87,0.02393493428826332,0.11221309751272202,0.02393493428826332,0.023316403850913048,0.11026087403297424,0.023316403850913048,0.023247646167874336,0.1101825013756752,0.023247646167874336
240,Ep250_Lr05_Do4_L21e-05_Ls29,250,0.05,0.4,1e-05,29,0.023928966373205185,0.11215615272521973,0.023928966373205185,0.023318735882639885,0.10994143038988113,0.023318735882639885,0.023256853222846985,0.10985496640205383,0.023256853222846985
241,Ep250_Lr05_Do4_L21e-05_Ls58,250,0.05,0.4,1e-05,58,0.022217409685254097,0.10598189383745193,0.02217159979045391,0.020109232515096664,0.09974750131368637,0.020063091069459915,0.02009761892259121,0.09982894361019135,0.02005147375166416
242,Ep250_Lr05_Do4_L21e-05_Ls87,250,0.05,0.4,1e-05,87,0.023921146988868713,0.11230829358100891,0.023921146988868713,0.023370299488306046,0.10872968286275864,0.023370299488306046,0.023314937949180603,0.10861879587173462,0.023314937949180603
243,Ep250_Lr05_Do5_L2001_Ls29,250,0.05,0.5,0.001,29,0.023926392197608948,0.11202903836965561,0.023926392197608948,0.023359356448054314,0.11123931407928467,0.023359356448054314,0.023303497582674026,0.11116236448287964,0.023303497582674026
244,Ep250_Lr05_Do5_L2001_Ls58,250,0.05,0.5,0.001,58,0.023938143625855446,0.11235027015209198,0.023938143625855446,0.023351095616817474,0.1081024557352066,0.023351095616817474,0.023282742127776146,0.10799961537122726,0.023282742127776146
245,Ep250_Lr05_Do5_L2001_Ls87,250,0.05,0.5,0.001,87,0.023908553645014763,0.1120939552783966,0.023908553645014763,0.02334621176123619,0.11066179722547531,0.02334621176123619,0.023290105164051056,0.11057979613542557,0.023290105164051056
246,Ep250_Lr05_Do5_L20001_Ls29,250,0.05,0.5,0.0001,29,0.0239254217594862,0.11228512972593307,0.0239254217594862,0.02336360514163971,0.10804328322410583,0.02336360514163971,0.02330079860985279,0.10793299973011017,0.02330079860985279
247,Ep250_Lr05_Do5_L20001_Ls58,250,0.05,0.5,0.0001,58,0.023927006870508194,0.11215490847826004,0.023927006870508194,0.023361507803201675,0.11176320165395737,0.023361507803201675,0.023291397839784622,0.11169400811195374,0.023291397839784622
248,Ep250_Lr05_Do5_L20001_Ls87,250,0.05,0.5,0.0001,87,0.023934509605169296,0.1123591884970665,0.023934509605169296,0.02331681177020073,0.11029906570911407,0.02331681177020073,0.023252572864294052,0.1102171391248703,0.023252572864294052
249,Ep250_Lr05_Do5_L21e-05_Ls29,250,0.05,0.5,1e-05,29,0.02391119860112667,0.11215736716985703,0.02391119860112667,0.023390481248497963,0.11204355210065842,0.023390481248497963,0.023335294798016548,0.11197879910469055,0.023335294798016548
250,Ep250_Lr05_Do5_L21e-05_Ls58,250,0.05,0.5,1e-05,58,0.023907221853733063,0.11217581480741501,0.023907221853733063,0.023314200341701508,0.10998757928609848,0.023314200341701508,0.023245200514793396,0.10990678519010544,0.023245200514793396
251,Ep250_Lr05_Do5_L21e-05_Ls87,250,0.05,0.5,1e-05,87,0.02391757071018219,0.11221026629209518,0.02391757071018219,0.023329202085733414,0.10972869396209717,0.023329202085733414,0.02325410209596157,0.10964438319206238,0.02325410209596157
252,Ep250_Lr01_Do2_L2001_Ls29,250,0.01,0.2,0.001,29,0.013056657277047634,0.07102549076080322,0.011573056690394878,0.00813446007668972,0.052606165409088135,0.006677689496427774,0.008156257681548595,0.05288923531770706,0.0066994898952543736
253,Ep250_Lr01_Do2_L2001_Ls58,250,0.01,0.2,0.001,58,0.012914343737065792,0.07103998214006424,0.011492838151752949,0.008048766292631626,0.06052042171359062,0.006685163825750351,0.008188304491341114,0.06111849844455719,0.00682470016181469
254,Ep250_Lr01_Do2_L2001_Ls87,250,0.01,0.2,0.001,87,0.013165488839149475,0.07133214920759201,0.011717181652784348,0.010161219164729118,0.05784742161631584,0.008798876777291298,0.010221689008176327,0.05791252478957176,0.008859350346028805
255,Ep250_Lr01_Do2_L20001_Ls29,250,0.01,0.2,0.0001,29,0.010377330705523491,0.06344151496887207,0.009504363872110844,0.007163557223975658,0.05154600739479065,0.006297360640019178,0.007144199218600988,0.05160557106137276,0.006277997978031635
256,Ep250_Lr01_Do2_L20001_Ls58,250,0.01,0.2,0.0001,58,0.010396087542176247,0.06241878867149353,0.009516247548162937,0.00740648340433836,0.04993913322687149,0.0065139359794557095,0.0074947187677025795,0.050099682062864304,0.006602173671126366
257,Ep250_Lr01_Do2_L20001_Ls87,250,0.01,0.2,0.0001,87,0.010094299912452698,0.0614265613257885,0.009103798307478428,0.006759347394108772,0.04878731071949005,0.005773419514298439,0.006885434500873089,0.049118053168058395,0.005899508483707905
258,Ep250_Lr01_Do2_L21e-05_Ls29,250,0.01,0.2,1e-05,29,0.008887932635843754,0.058078836649656296,0.008405502885580063,0.005879488307982683,0.047012168914079666,0.005395868793129921,0.005907527636736631,0.047128986567258835,0.0054239071905612946
259,Ep250_Lr01_Do2_L21e-05_Ls58,250,0.01,0.2,1e-05,58,0.008109604008495808,0.054856762290000916,0.00756053626537323,0.007554561831057072,0.04876994714140892,0.007008693180978298,0.00756928650662303,0.048433877527713776,0.00702341552823782
260,Ep250_Lr01_Do2_L21e-05_Ls87,250,0.01,0.2,1e-05,87,0.008687879890203476,0.05717398226261139,0.008146115578711033,0.006156733725219965,0.046865999698638916,0.005611297208815813,0.006145647261291742,0.04664357006549835,0.005600211210548878
261,Ep250_Lr01_Do3_L2001_Ls29,250,0.01,0.3,0.001,29,0.01642690598964691,0.08422637730836868,0.015241216868162155,0.014013496227562428,0.07246611267328262,0.012886294163763523,0.014119282364845276,0.0728716179728508,0.012992078438401222
262,Ep250_Lr01_Do3_L2001_Ls58,250,0.01,0.3,0.001,58,0.016219493001699448,0.08185649663209915,0.01485405769199133,0.010267527773976326,0.06284301728010178,0.008895626291632652,0.010312467813491821,0.0631384402513504,0.008940565399825573
263,Ep250_Lr01_Do3_L2001_Ls87,250,0.01,0.3,0.001,87,0.016018543392419815,0.08150196075439453,0.01464784238487482,0.010499670170247555,0.06428615003824234,0.009091639891266823,0.01043164636939764,0.06416615843772888,0.009023620747029781
264,Ep250_Lr01_Do3_L20001_Ls29,250,0.01,0.3,0.0001,29,0.01388063095510006,0.07544106990098953,0.013004246167838573,0.010759580880403519,0.06415559351444244,0.00990238506346941,0.010972369462251663,0.0646427795290947,0.010115175507962704
265,Ep250_Lr01_Do3_L20001_Ls58,250,0.01,0.3,0.0001,58,0.013657452538609505,0.07389296591281891,0.012712111696600914,0.00845305621623993,0.05523763224482536,0.007498300168663263,0.008604983799159527,0.05565353482961655,0.007650227285921574
266,Ep250_Lr01_Do3_L20001_Ls87,250,0.01,0.3,0.0001,87,0.013082541525363922,0.07225300371646881,0.012053634971380234,0.00903912354260683,0.06413651257753372,0.008037187159061432,0.00905766524374485,0.06409542262554169,0.008055726997554302
267,Ep250_Lr01_Do3_L21e-05_Ls29,250,0.01,0.3,1e-05,29,0.011966655030846596,0.07036206126213074,0.011513852514326572,0.01069681067019701,0.061676330864429474,0.010243942961096764,0.010711156763136387,0.06161981448531151,0.010258287191390991
268,Ep250_Lr01_Do3_L21e-05_Ls58,250,0.01,0.3,1e-05,58,0.011670621111989021,0.06869406253099442,0.011174479499459267,0.009303363971412182,0.056132722645998,0.008806017227470875,0.009355958551168442,0.055935829877853394,0.008858614601194859
269,Ep250_Lr01_Do3_L21e-05_Ls87,250,0.01,0.3,1e-05,87,0.01152652595192194,0.06819406151771545,0.010977438651025295,0.008863963186740875,0.057274844497442245,0.008316921070218086,0.008918425999581814,0.05727440491318703,0.008371385745704174
270,Ep250_Lr01_Do4_L2001_Ls29,250,0.01,0.4,0.001,29,0.019316691905260086,0.09323478490114212,0.01815974712371826,0.016182878986001015,0.07945138961076736,0.015025777742266655,0.016294565051794052,0.07962878048419952,0.015137464739382267
271,Ep250_Lr01_Do4_L2001_Ls58,250,0.01,0.4,0.001,58,0.019145650789141655,0.09292081743478775,0.017984729260206223,0.013987388461828232,0.07327225059270859,0.012840470299124718,0.013968522660434246,0.07305754721164703,0.012821606360375881
272,Ep250_Lr01_Do4_L2001_Ls87,250,0.01,0.4,0.001,87,0.019265076145529747,0.0928260087966919,0.0180324949324131,0.013478451408445835,0.07480736076831818,0.01224544271826744,0.013543783687055111,0.07484710961580276,0.012310773134231567
273,Ep250_Lr01_Do4_L20001_Ls29,250,0.01,0.4,0.0001,29,0.016510529443621635,0.08535967767238617,0.015703514218330383,0.013027223758399487,0.0751669853925705,0.012232065200805664,0.012988241389393806,0.07495005428791046,0.012193084694445133
274,Ep250_Lr01_Do4_L20001_Ls58,250,0.01,0.4,0.0001,58,0.01591833122074604,0.08241655677556992,0.015060760080814362,0.009995945729315281,0.06499829143285751,0.009119276888668537,0.010088137350976467,0.06526760011911392,0.009211468510329723
275,Ep250_Lr01_Do4_L20001_Ls87,250,0.01,0.4,0.0001,87,0.016144469380378723,0.08313608169555664,0.015216990374028683,0.010468373075127602,0.06650996953248978,0.009562015533447266,0.010589130222797394,0.0666346400976181,0.009682772681117058
276,Ep250_Lr01_Do4_L21e-05_Ls29,250,0.01,0.4,1e-05,29,0.01492069661617279,0.08071792870759964,0.014505716972053051,0.012839151546359062,0.07369962334632874,0.012427473440766335,0.012884199619293213,0.07390757650136948,0.012472523376345634
277,Ep250_Lr01_Do4_L21e-05_Ls58,250,0.01,0.4,1e-05,58,0.014512385241687298,0.07926922291517258,0.014034200459718704,0.010592729784548283,0.06839484721422195,0.01011663954705,0.010715452954173088,0.06861583143472672,0.010239360854029655
278,Ep250_Lr01_Do4_L21e-05_Ls87,250,0.01,0.4,1e-05,87,0.014719923958182335,0.07960302382707596,0.014227908104658127,0.012008707039058208,0.06921254843473434,0.011511823162436485,0.012067352421581745,0.06942771375179291,0.011570475064218044
279,Ep250_Lr01_Do5_L2001_Ls29,250,0.01,0.5,0.001,29,0.0223703570663929,0.10622653365135193,0.02194656804203987,0.020023714751005173,0.10063041746616364,0.019615264609456062,0.019901281222701073,0.10027696937322617,0.01949283666908741
280,Ep250_Lr01_Do5_L2001_Ls58,250,0.01,0.5,0.001,58,0.021634910255670547,0.10205312818288803,0.020897192880511284,0.018371224403381348,0.09147324413061142,0.017627844586968422,0.01832653395831585,0.0912424772977829,0.017583156004548073
281,Ep250_Lr01_Do5_L2001_Ls87,250,0.01,0.5,0.001,87,0.021929427981376648,0.10292357206344604,0.021175241097807884,0.018856925889849663,0.08806230872869492,0.018102942034602165,0.01879091188311577,0.08775694668292999,0.018036937341094017
282,Ep250_Lr01_Do5_L20001_Ls29,250,0.01,0.5,0.0001,29,0.018824070692062378,0.09293457120656967,0.01803332194685936,0.014614131301641464,0.07806726545095444,0.013814961537718773,0.014790860936045647,0.0783059298992157,0.013991697691380978
283,Ep250_Lr01_Do5_L20001_Ls58,250,0.01,0.5,0.0001,58,0.018848087638616562,0.09286244213581085,0.018124762922525406,0.015772083774209023,0.08075705170631409,0.015040941536426544,0.015760021284222603,0.08086271584033966,0.0150288762524724
284,Ep250_Lr01_Do5_L20001_Ls87,250,0.01,0.5,0.0001,87,0.01894303783774376,0.09309590607881546,0.01821371354162693,0.013883363455533981,0.07927455753087997,0.01314001064747572,0.013911769725382328,0.0793590247631073,0.01316840946674347
285,Ep250_Lr01_Do5_L21e-05_Ls29,250,0.01,0.5,1e-05,29,0.017588693648576736,0.08962717652320862,0.017215507104992867,0.016131117939949036,0.08028984814882278,0.015759849920868874,0.016191864386200905,0.08036138862371445,0.01582060009241104
286,Ep250_Lr01_Do5_L21e-05_Ls58,250,0.01,0.5,1e-05,58,0.017299899831414223,0.08897825330495834,0.01691027171909809,0.015531402081251144,0.08182928711175919,0.015143337659537792,0.015624111518263817,0.08182818442583084,0.015236043371260166
287,Ep250_Lr01_Do5_L21e-05_Ls87,250,0.01,0.5,1e-05,87,0.017696265131235123,0.09002532064914703,0.017282672226428986,0.014462308958172798,0.07968831807374954,0.014043852686882019,0.01458776742219925,0.07994617521762848,0.01416931115090847
288,Ep250_Lr005_Do2_L2001_Ls29,250,0.005,0.2,0.001,29,0.012118364684283733,0.0671202763915062,0.01060169655829668,0.007198291830718517,0.05006514862179756,0.0056750234216451645,0.0072706956416368484,0.05039312690496445,0.0057474300265312195
289,Ep250_Lr005_Do2_L2001_Ls58,250,0.005,0.2,0.001,58,0.012075187638401985,0.06653793156147003,0.010489990934729576,0.007893123663961887,0.0498320572078228,0.006341683212667704,0.00797244068235159,0.04985375329852104,0.006421000696718693
290,Ep250_Lr005_Do2_L2001_Ls87,250,0.005,0.2,0.001,87,0.011809020303189754,0.0665683001279831,0.010262447409331799,0.008391501381993294,0.0562368743121624,0.006854482926428318,0.00832355860620737,0.05636851117014885,0.006786538753658533
291,Ep250_Lr005_Do2_L20001_Ls29,250,0.005,0.2,0.0001,29,0.009978550486266613,0.06123587116599083,0.009059349074959755,0.006452327594161034,0.05019299313426018,0.005531030241400003,0.0065144021064043045,0.050497498363256454,0.005593105219304562
292,Ep250_Lr005_Do2_L20001_Ls58,250,0.005,0.2,0.0001,58,0.009984385222196579,0.06023792922496796,0.008988001383841038,0.005818139761686325,0.0435154102742672,0.0048232111148536205,0.005975360982120037,0.043862830847501755,0.004980430472642183
293,Ep250_Lr005_Do2_L20001_Ls87,250,0.005,0.2,0.0001,87,0.009487984701991081,0.058156777173280716,0.008404254913330078,0.006530333776026964,0.048224397003650665,0.005462571978569031,0.006644408218562603,0.048626698553562164,0.005576645955443382
294,Ep250_Lr005_Do2_L21e-05_Ls29,250,0.005,0.2,1e-05,29,0.008696985431015491,0.05781173333525658,0.00823176745325327,0.0060538058169186115,0.04462594911456108,0.005590008106082678,0.006049491930752993,0.04431796818971634,0.005585693288594484
295,Ep250_Lr005_Do2_L21e-05_Ls58,250,0.005,0.2,1e-05,58,0.008246240206062794,0.05449218302965164,0.007653722073882818,0.005134908016771078,0.044018860906362534,0.004540085326880217,0.0051311589777469635,0.04359975829720497,0.004536336753517389
296,Ep250_Lr005_Do2_L21e-05_Ls87,250,0.005,0.2,1e-05,87,0.008327238261699677,0.05465824156999588,0.007729180157184601,0.005614671856164932,0.04578214883804321,0.005019813310354948,0.005623163189738989,0.04557053744792938,0.005028306506574154
297,Ep250_Lr005_Do3_L2001_Ls29,250,0.005,0.3,0.001,29,0.01502272393554449,0.07846765965223312,0.013562075793743134,0.011302068829536438,0.06619176268577576,0.009803494438529015,0.011291176080703735,0.0660940483212471,0.009792599827051163
298,Ep250_Lr005_Do3_L2001_Ls58,250,0.005,0.3,0.001,58,0.015274528414011002,0.07848095148801804,0.013675756752490997,0.01172641757875681,0.06404577195644379,0.010165419429540634,0.011838989332318306,0.06413251161575317,0.010277989320456982
299,Ep250_Lr005_Do3_L2001_Ls87,250,0.005,0.3,0.001,87,0.014761817641556263,0.07718000560998917,0.013145074248313904,0.009554518386721611,0.05745464190840721,0.007878201082348824,0.009618925862014294,0.057591214776039124,0.007942610420286655
300,Ep250_Lr005_Do3_L20001_Ls29,250,0.005,0.3,0.0001,29,0.012868745252490044,0.07209132611751556,0.011960936710238457,0.01149347610771656,0.06496555358171463,0.010586606338620186,0.011566204950213432,0.0647749975323677,0.010659327730536461
301,Ep250_Lr005_Do3_L20001_Ls58,250,0.005,0.3,0.0001,58,0.01227631513029337,0.06882907450199127,0.011222686618566513,0.008881418034434319,0.05795969441533089,0.007850073277950287,0.009051697328686714,0.05826893076300621,0.008020353503525257
302,Ep250_Lr005_Do3_L20001_Ls87,250,0.005,0.3,0.0001,87,0.012180255725979805,0.06788668036460876,0.011034772731363773,0.008388341404497623,0.0549246147274971,0.0072489213198423386,0.00843538623303175,0.05497867241501808,0.0072959670796990395
303,Ep250_Lr005_Do3_L21e-05_Ls29,250,0.005,0.3,1e-05,29,0.011267158202826977,0.06761696189641953,0.010774113237857819,0.0074858167208731174,0.05276759713888168,0.006989573128521442,0.007517693564295769,0.052675314247608185,0.0070214467123150826
304,Ep250_Lr005_Do3_L21e-05_Ls58,250,0.005,0.3,1e-05,58,0.01088620349764824,0.065524160861969,0.010273655876517296,0.008037850260734558,0.05415904521942139,0.007428112905472517,0.008211256936192513,0.053952012211084366,0.007601520512253046
305,Ep250_Lr005_Do3_L21e-05_Ls87,250,0.005,0.3,1e-05,87,0.01108887605369091,0.06580787897109985,0.01044504251331091,0.009294167160987854,0.05967533960938454,0.008650357834994793,0.009416547603905201,0.06001167744398117,0.008772745728492737
306,Ep250_Lr005_Do4_L2001_Ls29,250,0.005,0.4,0.001,29,0.01773499697446823,0.08827328681945801,0.016347384080290794,0.01416077185422182,0.07557790726423264,0.012744436971843243,0.014202077873051167,0.0755109190940857,0.01278573926538229
307,Ep250_Lr005_Do4_L2001_Ls58,250,0.005,0.4,0.001,58,0.01792316325008869,0.08785846829414368,0.016471154987812042,0.01304895244538784,0.07482422143220901,0.011632333509624004,0.01317484863102436,0.07522045820951462,0.011758233420550823
308,Ep250_Lr005_Do4_L2001_Ls87,250,0.005,0.4,0.001,87,0.01778985559940338,0.08757750689983368,0.016317104920744896,0.012318792752921581,0.07037235796451569,0.010731099173426628,0.012376264669001102,0.07027836889028549,0.010788577608764172
309,Ep250_Lr005_Do4_L20001_Ls29,250,0.005,0.4,0.0001,29,0.015542698092758656,0.08144491910934448,0.014635014347732067,0.012136142700910568,0.0691552385687828,0.011225629597902298,0.012244799174368382,0.06946089118719101,0.011334284208714962
310,Ep250_Lr005_Do4_L20001_Ls58,250,0.005,0.4,0.0001,58,0.014982382766902447,0.0783916488289833,0.013869419693946838,0.012816840782761574,0.06967093050479889,0.011737181805074215,0.01286260224878788,0.06968764960765839,0.011782939545810223
311,Ep250_Lr005_Do4_L20001_Ls87,250,0.005,0.4,0.0001,87,0.014810304157435894,0.07782792299985886,0.013720297254621983,0.012468280270695686,0.07799607515335083,0.011396459303796291,0.0125544723123312,0.07834595441818237,0.011482651345431805
312,Ep250_Lr005_Do4_L21e-05_Ls29,250,0.005,0.4,1e-05,29,0.014130081981420517,0.07739861309528351,0.013666289858520031,0.011380393989384174,0.06988642364740372,0.010914386250078678,0.011435682885348797,0.06982788443565369,0.010969670489430428
313,Ep250_Lr005_Do4_L21e-05_Ls58,250,0.005,0.4,1e-05,58,0.013562696985900402,0.07533340901136398,0.012966093607246876,0.011805441230535507,0.06948912143707275,0.011214631609618664,0.011906006373465061,0.06957877427339554,0.011315196752548218
314,Ep250_Lr005_Do4_L21e-05_Ls87,250,0.005,0.4,1e-05,87,0.013659204356372356,0.07522322237491608,0.013024902902543545,0.012724015861749649,0.07359380275011063,0.012090858072042465,0.012937617488205433,0.07410330325365067,0.012304460629820824
315,Ep250_Lr005_Do5_L2001_Ls29,250,0.005,0.5,0.001,29,0.020510129630565643,0.0975976437330246,0.019378751516342163,0.016299249604344368,0.08136565238237381,0.015110482461750507,0.01641080714762211,0.08138962090015411,0.015222044661641121
316,Ep250_Lr005_Do5_L2001_Ls58,250,0.005,0.5,0.001,58,0.020361654460430145,0.09646927565336227,0.019127000123262405,0.016927795484662056,0.08451257646083832,0.015659844502806664,0.016918616369366646,0.08447262644767761,0.015650674700737
317,Ep250_Lr005_Do5_L2001_Ls87,250,0.005,0.5,0.001,87,0.02033759467303753,0.09677073359489441,0.019052697345614433,0.017756765708327293,0.08793915808200836,0.016540898010134697,0.017704574391245842,0.08774910122156143,0.016488701105117798
318,Ep250_Lr005_Do5_L20001_Ls29,250,0.005,0.5,0.0001,29,0.017945872619748116,0.08991947770118713,0.01714983396232128,0.013960925862193108,0.07967793196439743,0.013172615319490433,0.014072408899664879,0.07987120002508163,0.013284101150929928
319,Ep250_Lr005_Do5_L20001_Ls58,250,0.005,0.5,0.0001,58,0.017190856859087944,0.08633787930011749,0.016168132424354553,0.014734315685927868,0.07624249905347824,0.013715259730815887,0.014897974207997322,0.07664573192596436,0.013878918252885342
320,Ep250_Lr005_Do5_L20001_Ls87,250,0.005,0.5,0.0001,87,0.017471324652433395,0.08724543452262878,0.016426600515842438,0.01469954289495945,0.07861632108688354,0.013658875599503517,0.01482347957789898,0.07881666719913483,0.013782801106572151
321,Ep250_Lr005_Do5_L21e-05_Ls29,250,0.005,0.5,1e-05,29,0.016968294978141785,0.08783558756113052,0.016565140336751938,0.014196306467056274,0.0766710489988327,0.013795691542327404,0.014160990715026855,0.07661382853984833,0.013760377652943134
322,Ep250_Lr005_Do5_L21e-05_Ls58,250,0.005,0.5,1e-05,58,0.01607043668627739,0.08453772217035294,0.015579475089907646,0.015089152380824089,0.07680512964725494,0.014598537236452103,0.015112387016415596,0.07682570815086365,0.014621776528656483
323,Ep250_Lr005_Do5_L21e-05_Ls87,250,0.005,0.5,1e-05,87,0.015996074303984642,0.08383556455373764,0.01541202049702406,0.014717461541295052,0.08135682344436646,0.014132303185760975,0.014876646921038628,0.08158950507640839,0.01429149229079485
